<?xml version="1.0" encoding="iso-8859-1"?>
<Package Name="Jcl" Design="0">
  <Description>JEDI Code Library Containers package</Description>
  <GUID>{71D14CDC-6386-44FD-B861-4C4213CFFF08}</GUID>
  <C5PFlags>-LUvcl50</C5PFlags>
  <C6PFlags/>
  <C5Libs/>
  <C6Libs/>
  <ImageBase>48500000</ImageBase>
  <VersionMajorNumber/>
  <VersionMinorNumber/>
  <ReleaseNumber/>
  <BuildNumber/>
  <Requires>
    <Package Name="rtl" Targets="allLibSuffix" Condition=""/>
    <Package Name="vcl50" Targets="c5,d5" Condition=""/>
    <Package Name="JclD50" Targets="d5" Condition=""/>
    <Package Name="JclC50" Targets="c5" Condition=""/>
    <Package Name="Jcl" Targets="allLibSuffix" Condition=""/>
    <Package Name="Borland.Delphi" Targets="JclDotNet" Condition=""/>
    <Package Name="Borland.VclRtl" Targets="JclDotNet" Condition=""/>
    <Package Name="Jedi.Jcl" Targets="JclDotNet" Condition=""/>
  </Requires>
  <Contains>
    <File Name="..\..\source\common\JclAbstractContainers.pas" Targets="JclDev,JclDotNet" Formname="" Condition=""/>
    <File Name="..\..\source\common\JclAlgorithms.pas" Targets="JclDev,JclDotNet" Formname="" Condition=""/>
    <File Name="..\..\source\common\JclArrayLists.pas" Targets="JclDev,JclDotNet" Formname="" Condition=""/>
    <File Name="..\..\source\common\JclArraySets.pas" Targets="JclDev,JclDotNet" Formname="" Condition=""/>
    <File Name="..\..\source\common\JclBinaryTrees.pas" Targets="JclDev,JclDotNet" Formname="" Condition=""/>
    <File Name="..\..\source\common\JclContainerIntf.pas" Targets="JclDev,JclDotNet" Formname="" Condition=""/>
    <File Name="..\..\source\common\JclHashMaps.pas" Targets="JclDev,JclDotNet" Formname="" Condition=""/>
    <File Name="..\..\source\common\JclHashSets.pas" Targets="JclDev,JclDotNet" Formname="" Condition=""/>
    <File Name="..\..\source\common\JclLinkedLists.pas" Targets="JclDev,JclDotNet" Formname="" Condition=""/>
    <File Name="..\..\source\common\JclQueues.pas" Targets="JclDev,JclDotNet" Formname="" Condition=""/>
    <File Name="..\..\source\common\JclSortedMaps.pas" Targets="JclDev,JclDotNet" Formname="" Condition=""/>
    <File Name="..\..\source\common\JclStacks.pas" Targets="JclDev,JclDotNet" Formname="" Condition=""/>
    <File Name="..\..\source\common\JclTrees.pas" Targets="JclDev,JclDotNet" Formname="" Condition=""/>
    <File Name="..\..\source\common\JclVectors.pas" Targets="JclDev,JclDotNet" Formname="" Condition=""/>
  </Contains>
</Package>
